Station ID,Station Name,City,State,Latitude,Longitude,Date,Time,PM2.5,PM10,NO2,SO2,CO,O3,AQI,HCHO
DL001,Delhi – Anand Vihar,Delhi,Delhi,28.6469,77.3164,2026-07-08,00:00:00,73.1,146.3,50.9,18.4,1.48,36.2,256,0.0002132
DL001,Delhi – Anand Vihar,Delhi,Delhi,28.6469,77.3164,2026-07-09,00:00:00,78.5,157.0,54.6,19.7,1.58,38.9,275,0.0002288
DL001,Delhi – Anand Vihar,Delhi,Delhi,28.6469,77.3164,2026-07-10,00:00:00,84.7,169.5,59.0,21.3,1.71,42.0,296,0.000247
DL001,Delhi – Anand Vihar,Delhi,Delhi,28.6469,77.3164,2026-07-11,00:00:00,94.6,189.1,65.8,23.7,1.91,46.9,331,0.0002756
DL001,Delhi – Anand Vihar,Delhi,Delhi,28.6469,77.3164,2026-07-12,00:00:00,99.9,199.8,69.6,25.1,2.02,49.5,349,0.0002912
DL001,Delhi – Anand Vihar,Delhi,Delhi,28.6469,77.3164,2026-07-13,00:00:00,86.5,173.0,60.2,21.7,1.75,42.9,303,0.0002522
DL001,Delhi – Anand Vihar,Delhi,Delhi,28.6469,77.3164,2026-07-14,00:00:00,89.2,178.4,62.1,22.4,1.8,44.2,312,0.00026
MU001,Mumbai – Bandra Kurla,Mumbai,Maharashtra,19.06,72.8777,2026-07-08,00:00:00,30.0,64.1,36.3,16.6,0.97,27.7,112,0.0001408
MU001,Mumbai – Bandra Kurla,Mumbai,Maharashtra,19.06,72.8777,2026-07-09,00:00:00,32.4,69.2,39.2,18.0,1.04,29.9,121,0.000152
MU001,Mumbai – Bandra Kurla,Mumbai,Maharashtra,19.06,72.8777,2026-07-10,00:00:00,36.1,77.2,43.8,20.0,1.17,33.4,135,0.0001696
MU001,Mumbai – Bandra Kurla,Mumbai,Maharashtra,19.06,72.8777,2026-07-11,00:00:00,38.2,81.5,46.3,21.2,1.23,35.3,142,0.0001792
MU001,Mumbai – Bandra Kurla,Mumbai,Maharashtra,19.06,72.8777,2026-07-12,00:00:00,33.1,70.6,40.1,18.3,1.07,30.6,123,0.0001552
MU001,Mumbai – Bandra Kurla,Mumbai,Maharashtra,19.06,72.8777,2026-07-13,00:00:00,28.0,59.7,33.9,15.5,0.9,25.8,104,0.0001312
MU001,Mumbai – Bandra Kurla,Mumbai,Maharashtra,19.06,72.8777,2026-07-14,00:00:00,34.1,72.8,41.3,18.9,1.1,31.5,127,0.00016
BL001,Bengaluru – Silk Board,Bengaluru,Karnataka,12.917,77.623,2026-07-08,00:00:00,21.3,46.2,27.9,11.5,0.85,27.3,84,0.0001235
BL001,Bengaluru – Silk Board,Bengaluru,Karnataka,12.917,77.623,2026-07-09,00:00:00,23.7,51.5,31.2,12.8,0.95,30.4,93,0.0001378
BL001,Bengaluru – Silk Board,Bengaluru,Karnataka,12.917,77.623,2026-07-10,00:00:00,25.1,54.4,32.9,13.6,1.01,32.1,99,0.0001456
BL001,Bengaluru – Silk Board,Bengaluru,Karnataka,12.917,77.623,2026-07-11,00:00:00,21.7,47.1,28.5,11.7,0.87,27.8,85,0.0001261
BL001,Bengaluru – Silk Board,Bengaluru,Karnataka,12.917,77.623,2026-07-12,00:00:00,18.4,39.9,24.1,9.9,0.74,23.5,72,0.0001066
BL001,Bengaluru – Silk Board,Bengaluru,Karnataka,12.917,77.623,2026-07-13,00:00:00,19.7,42.8,25.9,10.6,0.79,25.3,77,0.0001144
BL001,Bengaluru – Silk Board,Bengaluru,Karnataka,12.917,77.623,2026-07-14,00:00:00,22.4,48.6,29.4,12.1,0.9,28.7,88,0.00013
HY001,Hyderabad – ICRISAT,Hyderabad,Telangana,17.505,78.2764,2026-07-08,00:00:00,15.1,33.6,19.4,9.1,0.64,20.6,54,0.0001166
HY001,Hyderabad – ICRISAT,Hyderabad,Telangana,17.505,78.2764,2026-07-09,00:00:00,15.9,35.5,20.5,9.6,0.67,21.7,57,0.0001232
HY001,Hyderabad – ICRISAT,Hyderabad,Telangana,17.505,78.2764,2026-07-10,00:00:00,13.8,30.7,17.8,8.3,0.58,18.8,49,0.0001067
HY001,Hyderabad – ICRISAT,Hyderabad,Telangana,17.505,78.2764,2026-07-11,00:00:00,11.6,26.0,15.0,7.1,0.49,15.9,42,9.02e-05
HY001,Hyderabad – ICRISAT,Hyderabad,Telangana,17.505,78.2764,2026-07-12,00:00:00,12.5,27.9,16.1,7.6,0.53,17.1,45,9.68e-05
HY001,Hyderabad – ICRISAT,Hyderabad,Telangana,17.505,78.2764,2026-07-13,00:00:00,13.5,30.1,17.4,8.2,0.57,18.4,48,0.0001045
HY001,Hyderabad – ICRISAT,Hyderabad,Telangana,17.505,78.2764,2026-07-14,00:00:00,14.2,31.7,18.3,8.6,0.6,19.4,51,0.00011
CH001,Chennai – Alandur,Chennai,Tamil Nadu,13.0012,80.2055,2026-07-08,00:00:00,27.6,59.5,36.6,,1.12,24.8,105,0.0001568
CH001,Chennai – Alandur,Chennai,Tamil Nadu,13.0012,80.2055,2026-07-09,00:00:00,23.9,51.5,31.7,,0.97,21.4,91,0.0001358
CH001,Chennai – Alandur,Chennai,Tamil Nadu,13.0012,80.2055,2026-07-10,00:00:00,20.2,43.5,26.8,,0.82,18.1,77,0.0001148
CH001,Chennai – Alandur,Chennai,Tamil Nadu,13.0012,80.2055,2026-07-11,00:00:00,21.6,46.7,28.8,,0.88,19.4,83,0.0001232
CH001,Chennai – Alandur,Chennai,Tamil Nadu,13.0012,80.2055,2026-07-12,00:00:00,23.4,50.4,31.1,,0.95,21.0,89,0.000133
CH001,Chennai – Alandur,Chennai,Tamil Nadu,13.0012,80.2055,2026-07-13,00:00:00,26.1,56.3,34.7,,1.06,23.4,100,0.0001484
CH001,Chennai – Alandur,Chennai,Tamil Nadu,13.0012,80.2055,2026-07-14,00:00:00,24.6,53.1,32.7,,1.0,22.1,94,0.00014
KO001,Kolkata – Rabindra Bharati,Kolkata,West Bengal,22.5958,88.3699,2026-07-08,00:00:00,54.6,109.0,46.4,20.6,1.36,35.8,192,0.0002037
KO001,Kolkata – Rabindra Bharati,Kolkata,West Bengal,22.5958,88.3699,2026-07-09,00:00:00,46.2,92.2,39.2,17.4,1.15,30.3,162,0.0001722
KO001,Kolkata – Rabindra Bharati,Kolkata,West Bengal,22.5958,88.3699,2026-07-10,00:00:00,49.5,98.9,42.1,18.7,1.23,32.5,174,0.0001848
KO001,Kolkata – Rabindra Bharati,Kolkata,West Bengal,22.5958,88.3699,2026-07-11,00:00:00,53.5,106.8,45.4,20.1,1.33,35.1,188,0.0001995
KO001,Kolkata – Rabindra Bharati,Kolkata,West Bengal,22.5958,88.3699,2026-07-12,00:00:00,59.7,,50.7,22.5,1.48,39.1,210,0.0002226
KO001,Kolkata – Rabindra Bharati,Kolkata,West Bengal,22.5958,88.3699,2026-07-13,00:00:00,63.1,125.9,53.5,23.7,1.57,41.3,222,0.0002352
KO001,Kolkata – Rabindra Bharati,Kolkata,West Bengal,22.5958,88.3699,2026-07-14,00:00:00,56.3,112.4,47.8,21.2,1.4,36.9,198,0.00021
PU001,Pune – Lohegaon,Pune,Maharashtra,18.5976,73.9144,2026-07-08,00:00:00,16.2,34.7,21.0,8.5,0.66,17.8,62,9.84e-05
PU001,Pune – Lohegaon,Pune,Maharashtra,18.5976,73.9144,2026-07-09,00:00:00,17.4,37.2,22.5,9.2,0.7,19.1,67,0.0001056
PU001,Pune – Lohegaon,Pune,Maharashtra,18.5976,73.9144,2026-07-10,00:00:00,18.8,40.2,24.3,9.9,,20.6,72,0.000114
PU001,Pune – Lohegaon,Pune,Maharashtra,18.5976,73.9144,2026-07-11,00:00:00,21.0,44.8,27.1,11.0,0.85,23.0,81,0.0001272
PU001,Pune – Lohegaon,Pune,Maharashtra,18.5976,73.9144,2026-07-12,00:00:00,22.2,47.4,28.7,11.6,0.9,24.3,85,0.0001344
PU001,Pune – Lohegaon,Pune,Maharashtra,18.5976,73.9144,2026-07-13,00:00:00,19.2,41.0,24.8,10.1,,21.0,74,0.0001164
PU001,Pune – Lohegaon,Pune,Maharashtra,18.5976,73.9144,2026-07-14,00:00:00,19.8,42.3,25.6,10.4,0.8,21.7,76,0.00012
AH001,Ahmedabad – AUDA,Ahmedabad,Gujarat,23.0225,72.5714,2026-07-08,00:00:00,37.6,78.7,33.6,15.5,1.14,26.2,134,0.0001584
AH001,Ahmedabad – AUDA,Ahmedabad,Gujarat,23.0225,72.5714,2026-07-09,00:00:00,40.6,84.9,36.3,16.7,1.23,28.3,144,0.000171
AH001,Ahmedabad – AUDA,Ahmedabad,Gujarat,23.0225,72.5714,2026-07-10,00:00:00,45.3,94.8,40.5,18.7,1.38,31.6,161,0.0001908
AH001,Ahmedabad – AUDA,Ahmedabad,Gujarat,23.0225,72.5714,2026-07-11,00:00:00,47.8,100.1,42.8,19.7,1.46,33.4,170,0.0002016
AH001,Ahmedabad – AUDA,Ahmedabad,Gujarat,23.0225,72.5714,2026-07-12,00:00:00,41.4,86.7,37.1,17.1,1.26,28.9,147,0.0001746
AH001,Ahmedabad – AUDA,Ahmedabad,Gujarat,23.0225,72.5714,2026-07-13,00:00:00,35.0,73.3,31.3,14.4,1.07,24.4,125,0.0001476
AH001,Ahmedabad – AUDA,Ahmedabad,Gujarat,23.0225,72.5714,2026-07-14,00:00:00,42.7,89.4,38.2,17.6,1.3,29.8,152,0.00018
